Nombre del repuesto,descripción ,marca,tamaño,categoria,cantidad,precio estimado,codigo,ubicación 
aceite hidráulico Sae20,,viking lubricantes ,,,5,15000,,
balinera 6002,,Elpra premium ,,,1,14000,,
balinera 6002,,kobushi,,,5,12000,,
balinera 6004,,mototec,,,7,16000,,
balinera 6004,,kontrol,,,4,,,
balinera 6200,,taichang,,,9,,,
balinera 6200,,koyo,,,4,14000,,
balinera 6201,,everestt,,,6,14000,,
balinera 6201,,yahsuka,,,1,12000,,
balinera 6201,,bearing kto partes,,,1,,,
balinera 6201,,mototec,,,1,,,
balinera 6202,,kontrol,,,13,14000,,
balinera 6203,,kontrol,,,12,16000,,
balinera 6203,sello caucho,narita,,,10,,,
balinera 6204,,koyo,,,28,,,
balinera 6205,,yahsuka ,,,2,,,
balinera 6205,,china Smart parts,,,3,,,
balinera 6205,,koyo,,,46,,,
balinera 6300,,motoparts,,,3,14000,,
balinera 6300,,nxt,,,6,12000,,
balinera 6300,,everest,,,12,14000,,
balinera 6300,,koyo,,,46,,,
balinera 6302,,mototec,,,1,15000,,
balinera 6302,sello caucho,narita,,,10,,,
balinera 6303,,thunder,,,5,15000,,
balinera 6303,,moto Au,,,16,15000,,
balinera 6303,,koyo,,,49,18000,,
balinera 6304,,koyo,,motor,7,18000,,
balinera especial,clutch boxer,bajaj,,,1,,,
cable clutch,universal trenzado,narita,,,100,,,
capucho bujia,universal,japan,,,4,,,
capuchón bujia,deluxe ng,narita,,,10,,,
capuchón bujia,largo 90 grados,tep,,,10,,,
disco freno delantero ,xtz 125,mototec,,,2,90000,,
disco freno delantero ,gs125,mototec,,,2,95000,,
disco freno delantero ,gs150,mototec,,,1,98000,,
disco freno delantero ,szr,mototec,,,1,95000,,
disco freno delantero ,crypton 110-115,mototec,,,1,85000,,
disco freno delantero ,gn125,mototec,,,2,90000,,
disco freno trasero,apache rtr200,mototec,,,1,95000,,
farola completa ,eco deluxe,mototec,,,1,65000,,
farola completa ,eco 100,mototec,,,1,60000,,
filtro gasolina,felpa colorea,cables y filtros sas,,,40,,,
llanta,racing max TL pistera,rbtyres,110/70x17 ,,1,190000,,
llanta,arrow TL Dual ,rbtyres,110/80x17 ,,1,205000,,
llanta,Marlyn TL pistera ,rbtyres,120/70x17,,2,215000,,
llanta,rhino TL pistera ,rbtyres ,120/80x17 ,,1,205000,,
llanta,racing TL pistera ,rbtyres ,130/70x17 ,,2,230000,,
llanta,falcón TT rombo,rbtyres ,410x18,,1,215000,,
llanta,ace TT DUAL ,rbtyres ,90/90x19 ,,1,165000,,
llanta,arrow TT DUAL ,rbtyres ,90/90x19 ,,1,168000,,
llanta ,ace TL Dual ,rbtyres ,275x18,,1,168000,,
llanta ,arrow TL Dual ,rbtyres ,275x18,,1,168000,,
llanta ,arrow TL Dual ,rbtyres ,300x18,,2,185000,,
manguera de gasolina,rollo,strong,10 metros,,1,,,
manigueta clucht,akt 125,mototec,,,10,13000,,
manigueta clucht ,gn 125- gs125,mototec,,,10,13000,,
manigueta clucht ,cb110,mototec,,,10,13000,,
manigueta clucht ,pulsar 135,mototec,,,8,12000,,
manigueta clutch,dt 125-175,mototec,,,10,13000,,
manigueta freno,gn 125- gs 125,mototec,,,10,13000,,
manigueta freno,pulsar 135,mototec,,,3,12000,,
manigueta freno ,xr 150,mototec,,,10,14000,,
manigueta freno ,cb110,mototec,,,10,12000,,
manigueta freno ,eco deluxe ,mototec,,,10,13000,,
manigueta freno ,pulsar 200,mototec,,,13,12000,,
pastillas de freno,delantera agility 150,everest,,,4,28000,,
pastillas de freno,delantera agility 150,akita,,,10,24000,,
pastillas de freno,gs150,everestt ,,,12,24000,,
pastillas de freno ,delantera bws 125,crown,,,2,25000,,
pastillas de freno ,delantera bws fi,crown,,,1,25000,,
pastillas de freno ,agility 150,mototec,,,10,24000,,
pastillas de freno ,akt 125 flex,akita,,,10,24000,,
pastillas de freno ,cbf 125-150,akita,,,10,24000,,
pastillas de freno ,akt 125 dinamic,mototec,,,10,24000,,
pastillas de freno ,gs150,akita,,,10,24000,,
pera de freno trasero ,universal,tep,,,21,,,
pastillas de freno ,delantera Cbf 125,YS 3478,,,21,,,
pastillas de freno,trasero fz16 xtz250,motos au,,,9,,,
pastillas de freno,trasero fz16 xtz250,crown,,,1,,,
pastillas de freno,trasero invicta cbf150,everest,,,1,,,
pastillas de freno,bwis 4t,impomotos,,,3,,,
pastillas de freno,trasero ns200,motos au,,,5,,,
pastillas de freno,trasero ns200,champion,,,2,,,
pastillas de freno,trasero ns200,everest,,,1,,,
pastillas de freno,libero 125 ybr criptón 115,motoparts,,,8,,,
pastillas de freno,libero 125 ybr criptón 115,mototec,,,2,,,
pastillas de freno,libero 125 ybr criptón 115,everest ,,,1,,,
pastillas de freno,libero125 ybr cripton115,YS 3478,,,17,,,
pastillas de freno,delantera gn125,nitrox,,,1,,,
pastillas de freno,delantera gn 125,crown,,,1,,,
pastillas de freno,delantera pulsar 200ns,crown,,,1,,,
pastillas de freno,delantera pulsar 200ns,choho,,,6,,,
pastillas de freno,delantera dr200,crown ,,,5,,,
pastillas de freno,delantera viva-r,crown ,,,9,,,
pastillas de freno ,delantera XR150 L,crown,,,3,,,
pastillas de freno,trasera rtx150,CDT,,,2,,,
pastillas de freno,trasera rtx150,generic professional parts,,,1,,,
pastillas de freno,delantera akt125/150tt/rtr160,mototec,,,9,,,
pastillas de freno,akt110/nkd,mototec,,,8,,,
pastillas de freno,trasera apache180,crown ,,,1,,,
pastillas de freno ,delantera crypton115 Fi,crown ,,,2,,,
pastillas de freno,dt200/xt225/xt600,evol,,,2,,,
pastillas de freno ,trasera pulsar220,evol,,,1,,,
neumatico,410x18,twin genuine,,,4,,,
neumatico,350/410/18,comstar,,,10,,,
neumatico,350/410/18,mototec,,,6,,,
neumatico,350/410/17,mototec,,,8,,,
neumatico,350/410/17,comstar,,,6,,,
neumatico,275/300/18,comstar,,,10,,,
neumático,275/300/18,mototec,,,5,,,
neumatico,275/300/17,narita,,,8,,,
disco clutch,gn125,twin genuine ,,,4,,,
disco clutch ,gn125gs125,motoau,,,6,,,
disco clutch ,pulsar 135 gt,kcc genuine parts,,,2,,,
disco clutch ,pulsar 180 ug 3,twin genuine ,,,10,,,
disco clutch ,pulsar 180ug 4,motoau,,,7,,,
disco clutch ,rx100/115/libero/dt125/ybr125,motoau,,,7,,,
disco clutch ,cb110,hlkmotor,,,5,,,
disco clutch ,boxer,moto parts,,,10,,,
disco clutch ,c90,crown ,,,2,,,
disco clutch ,an80,v.v motor,,,3,,,
disco clutch ,cd100/eco100/akt125/,narita,,,5,,,
disco clutch ,v80,okiyama,,,1,,,
disco clutch ,fz16,kamlion,,,5,,,
disco clutch ,Best125/vivax/ax4,hlkmotor,,,7,,,
disco clutch ,dt125,kcc. genuine parts ,,,13,,,
bandas freno,cy80/rx115/v80/rx100,mototec,,,6,,,
bandas freno ,ecodeluxe/akt110,mototec,,,6,,,
bandas freno ,boxerct100/ax100,mototec,,,12,,,
bandas freno ,boxerct100/ax,CDT,,,3,,,
bandas freno ,akt125/evo/disct/gnt/gst/tw,choho,,,4,,,
bandas freno ,akt125/nkd/cb110/ecodeluxe/xl125/185,choho,,,2,,,
bandas freno ,libero125/ybr,mototec,,,6,,,
bandas freno ,yw125/bwis4t,hlkmotor,,,1,28000,,
bandas freno ,dinamic ,bost,,,2,30000,,
batería ,yb6.5L-B 12V 6.5ah,narita,,,1,,,
bateria,EB5L-B //disover/pulsar135/gixxer150/fz16/ybr/libero125,emotion,,,4,,,
bateria,ETZ5S/ETX4L// cb110/navi/criptonFi/r15v1,emotion ,,,4,,,
batería ,YTX9A-BS 12V9AH// pulsarns200/cbr600r/trx250/duke200/dr650/mt03,narita ,,,1,,,
batería ,SW12V2.5,akita,,,2,,,
caja de cambios,CG125/125R3125R,kontrol,,,2,,,
caja de cambios ,150TTR,kontrol ,,,1,,,
caja de cambios ,ybr125,kontrol,,,1,,,
caja de cambios,(rosca)ak 3w200,akt,,,1,,,
cilindro,akt125/tt125,akt,,,2,,,
casco,abatible naranja-verde,kontrol,M,,1,315000,,
casco,abatible gris-negro,kontrol,M,,1,315000,,
casco,integral gris-verde-naranja,kontrol,XL,,1,230000,,
casco,integral negro-verde,kontrol,M,,1,216000,,
casco,integral  negro con diseño,kontrol,L,,1,230000,,
casco,integral azul-gris-negro,kontrol,M,,1,216000,,
casco,integral negro-rojo,kontrol,L,,1,230000,,
casco,integral negro-azul,kontrol,L,,1,230000,,
casco,integral negro-rosa,kontrol,L,,1,230000,,
forros,sabanas-colores,none,universal ,,9,25000,,
forros,mallas-negras,motor lights,XL-XXL-3XL,,16,24000,,
suiche,interruptor doble con base universal,moto lights ,,,2,35000,,
suiche,universal de manubrio,moto lights ,,,2,15000,,
suiche,balacin 3 patas,moto lights ,,,9,5000,,
suiche,balacin 2 patas,moto lights ,,,2,5000,,
suiche,redondo sin base 3 cables,moto lights ,,,9,6000,,
pera de freno delantero,bws ,crown ,,,10,10000,,
suiche,universal cambio de luces scooter ,moto lights ,,,2,10000,,
suiche ,universal cambio de luces scooter ,moto lights ,,,2,10000,,
suiche,dos posiciones impermeable universal ,moto lights ,,,1,30000,,
socket,akt modelo nuevo,matsumoto,,,4,12000,,
balinera,cigueñal nkd 125 63/28,crown,,,4,38000,,
balinera ,cigueñal bwis 125,crown ,,,4,40000,,
balinera ,original 6304,koyo,,,2,30000,,
buje porta catalina,con tuerca boxer 31- 1510-28,crown ,,,6,120000,,
muñon Crank ,Ax4,motocycle parts,,,1,16000,,
seguro tapa lateral,DT 125 K,crown ,,,1,15000,,
selector de cambio,con orquídea cd 100 eco,crown ,,,1,79000,,
motor Arranque ,pulsar 200 NS,crown ,,,1,140.000,,
motor Arranque ,pulsar 135,crown ,,,1,130000,,
motor,YBR 125,crown ,,,1,145000,,
flacher ,12 v pulsar universal,,,,5,20000,,
bombillo farola,GN G S 12v35/w,mototec,,,9,10000,,
bombillo farola,halógeno 6v253p,,,,13,10000,,
bombillo lujo placa,color verde con cables,motorlights ,,,6,10000,,
bombillo lujo,placa color azul ,motorlights ,,,5,10000,,
fusibles de vidrio ,cuadrado de colores 25A,mundifer,,,124,2000,,
fusibles de vidrio,cuadrado mini de colores,mundifer ,,,95,2000,,
bombillo farola  halógeno ,1p 12v25 universal,motorlights ,,,8,8000,,
bombillo farola,boxer eco pulsar,mototec,,,10,10000,,
bombillo mini  piloto,universal 6v3,kobushi,,,124,2000,,
bombillo stop,universal 6v21,mototec,,,15,3000,,
bombillo farola,1p led 12v,motorlights ,,,5,45000,,
bombillo bayoneta,universal 12v3,motorlights ,,,10,2000,,
bombillo farola ,halógeno 12v35,motorlights ,,,2,12000,,
bombillo proyector placa,punto rojo universal ,motorlights ,,,3,25000,,
bombillo con tuerca,lujo porta placa,motola,,,2,25000,,
caucho manilar,negro sencillo universal ,motoplastic,,,2,22000,,
caucho manilar ,sencillo universal  azul claro,motoplastic ,,,4,20000,,
caucho manilar suzuki,azul oscuro universal ,motocycle ,,,4,2200,,
manubrio GN 125,cromado,cicol,,,1,49000,,
manubrio GS 125,cromado,cicol,,,2,44000,,
soporte frontal manubrio ,lujo luces,motorlights ,,,2,30000,,
soporte frontal corriente,manubrio 25,motorlights ,,,5,10000,,
soporte frontal corriente ,manubrio 27 cm,motorlights ,,,6,13000,,
soporte frontal corriente ,manubrio 23 cm,motorlights ,,,2,8000,,
espumas defensas ,universal negros,,,,4,8000,,
maleta parrilla renthql,universal rojo y azul,,,,2,40000,,
llanta,falcón TT,rbtyres,275_21,,2,135000,,
llanta,zmo61 dual,rbtyres,250 _17,,4,89000,,
llanta,arrow TT dual,ebtyres,300-17,,1,150000,,
llanta,racing to pistera,rbtyres ,140-70 17,,2,190000,,
llanta ,pistera,kontrol,350-16,,3,155000,,
llanta,arrow tl dual,rbtyres ,120-70-12,,2,160000,,
llanta,roqd max tl pistera,rbtyres ,120 -70-12,,2,144000,,
llanta,arrow tl dual,rbtyres ,130-70-12,,2,160000,,
llanta,cello matic,rbtyres ,,,2,13000,,
freno disco,pulsar NS 200 traceo,mototec ,,,2,90000,,
freno disco,apache RTR 180 tracero,mototec,,,1,90000,,
freno disco,cb 190 delantero,mototec,,,2,95000,,
freno disco,AKT TTR delantero,mototec,,,1,90000,,
freno disco ,pulsar 200 delantero,mototec,,,1,95000,,
freno disco,CB190R -250 tracero,mototec,,,1,95000,,
freno disco,CB160F tracero,morotec,,,1,90000,,
freno disco,YBR125 delantero,mototec,,,1,90000,,
freno disco ,LIBERO YBR 125 delantero,mototec,,,1,85000,,
freno disco,AKT NKD delantero,mototec,,,1,80000,,
freno disco,AKT RTX tracero,mototec,,,1,80000,,
freno disco,pulsar 200 delantero,mototec,,,1,95000,,
carenaje,AX 100-115 CON VISOr,motoplastic ,,,1,60000,,
carenaje ,ecodrluxe con calcomanía ,motoplastic ,,,3,45000,,
carenaje,ecodeluxe sin calcomanía ,motoplastic ,,,1,42000,,
carenaje,boxer sin visor A- R- N,motoplastic ,,,3,35000,,
carenaje,xtz modelo nuevo N-trns,motoplastic ,,,4,35000,,
carenaje,XTZ modelo viejo,motoplastic ,,,1,30000,,
carenaje,DTK125 R - TRSNS,motoplastic ,,,2,35000,,
carenaje,TTXL   N,motoplastic ,,,2,30000,,
carenaje,discover 100 sin visor N,motoplastic ,,,1,40000,,
carenaje,boxer ct completo N,motoplastic ,,,1,95000,,
carenaje,pulsar UG,motoplastic ,,,1,45000,,
guardabarro ,delantero AKT Evo R,motoplastic ,,,1,38000,,
guardabarro ,delantero  DTK 125,motoplastic ,,,4,35000,,
guardabarro,delantero XTZ inyec N,motoplastic ,,,1,45000,,
guardabarro,punta Di uni R-M-B,motoplastic ,,,4,34000,,
guardabarro,tracero ya uni  N,motoplastic ,,,2,35000,,
guardabarro ,tracero DTK 125 trans,motoplastic ,,,1,30000,,
guardabarro,delantero nkd inyec R N,motoplastic ,,,1,38000,,
guardabarro ,trac pulsar 180 N porta p,motoplastic ,,,1,45000,,
guardabarro ,delan apache R,motoplastic ,,,1,45000,,
guardabarro ,delantero gixxer,motoplastic ,,,1,40000,,
guardabarro,delan cb110 Az,motoplastic ,,,1,45000,,
guardabarro ,universal 2 piezas N,motoplastic ,,,1,35000,,
guardabarro , delan ya Negro,motoplastic ,,,2,45000,,
guardabarro ,delan ns 200 pulsar N,motoplastic ,,,1,45000,,
guardabarro  lateral,cubre cola cb 110 verde limon,motoplastic ,,,1,80000,,
guardabarro,cola cbf 150 Negro,motoplastic ,,,1,90000,,
guardabarro ,racer cafe,motoplastic ,,,1,30000,,
guardabarro ,cola Ax 100,motoplastic ,,,1,48000,,
guardabarro ,delan ecoluxes,motoplastic ,,,1,30000,,
tapa lateral ,par ecoluxes g n b,motoplastic ,,,3,45000,,
tapa lateral,par eco deluxe ,motoplastic ,,,1,45000,,
tapa lateral ,par ax 100,motoplastic ,,,1,45000,,
tapa lateral ,par DTK 125 trans R,motoplastic ,,,2,45000,,
tapa lateral ,par discover 100 N,motoplastic ,,,1,45000,,
tapa lateral par,pulsar UG con regilla n v,motoplastic ,,,2,40000,,
alerones o corta,viento tan XTZ 125-150,motoplastic ,,,1,50000,,
protector ,existo bwis  N,motoplastic ,,,1,60000,,
grasa ,frasco  grande,mundifer ,,,1,12000,,
grasa,frasco pequeño ,mundifer,,,4,8000,,
silicona rino,gris multiusos ,mundifer ,,,6,13000,,
fuelles ,telescopio dt 125-175,caucho motos,,,6,18000,,
fuelles ,telescopio ax100/115,caucho motos,,,4,14000,,
pulpo,1/40 cm v/r/m,ferry y house,,,4,12000,,
protector manigueta,lujo v-n-n- m a,Esparta rub,,,108,5000,,
cinta  negra ,rollo grande,mundifer ,,,3,4000,,
tapa valvula,reflectivo luces,motorlights ,,,20,8000,,
tapa valvula,colores N.V R A TRNS,motorlights ,,,18,5000,,
tapa valvula,cuete A,motorlights ,,,1,2500,,
pito,lujo color naranjado,motorlights ,,,4,30000,,
puf universal,22 cm R/A,motoplastic ,,,2,22000,,
puf universal ,17 cm N,motoplastic ,,,2,20000,,
slider lujo, universal A/V/N,motorlights ,,,2,34000,,
tapa frontal ,univ con calcom A N,motoplastic ,,,2,39000,,
tabla  frontal,univ sin calcom N,motoplastic ,,,1,35000,,
tapa frontal ,univ Fox V/N,motoplastic ,,,1,25000,,
tabla piso,bwis  cromado,,,,1,100000,,
caucho manilar ,lujo V.A.R.A N,mocicle parts,,,9,25000,,
caucho de lujo ,dorado universal ,motoplastic ,,,1,25000,,
caucho manilar,caucho lujo,motoplastic  ,dorado,,2,22000,,
protector tacómetro ,fz 16 A/ trans,motoplastic ,,,2,25000,,
juego traga ,luces amarilla ,motoplastic ,,,2,30000,,
lentes gafas,careta N,motoplastic ,,,2,7000,,
paquetes ,pitillo universal v/A,motoplastic ,,,2,18000,,
cachitos lujo,v/A/N/N/M,motoplastic ,,,5,25000,,
orejitas casco,lujo M/V,motoplastic ,,,3,28000,,
placas modulo,luces universal R/A/B,motoplastic ,,,19,4000,,
tapa bomba fren,universal A.V.B.R.NG,motoplastic ,,,12,8000,,
tapa bomba,universal aluminio ,motoplastic ,,,1,10000,,
protector barra,universal N.V.A.N,motoplastic ,,,8,12000,,
cargador moto,cel universal ,motorlights ,,,2,30000,,
llavero,colores 40 cm,,,,5,6000,,
caucho posa pies ,par boxer A N V,motoplastic ,,,4,12000,,
tapa piñon motor,boxer ct tipo original ,motoplastic ,,,2,24000,,
protector exosto,bwis N,motoplastic ,,,1,60000,,
caucho pedal cambio,Protaper lujo N,Esparta run ,,,4,12000,,
correa batería ,universal 16 cm,motoplastic ,,,8,5000,,
correa batería ,universal 12 cm,motoplastic ,,,9,4000,,
bace manigueta,2 piezas dere ,motoplastic ,,,2,12000,,
caucho crack ,universal R,motoplastic ,,,2,6000,,
par direccional,RX115 AMARILLO ,mototec ,,,5,28000,,
par direccional ,delan bwis humo,mototec ,,,6,168000,,
par direccional ,bwis delan amarillo ,mototec ,,,3,84000,,
par direccional ,bwis trac humo,motetec,,,6,168000,,
par direccional ,trac bwis amarillo ,mototec ,,,3,84000,,
par direccional ,mini amarillo univ,motetec ,,,2,10000,,
par direccional ,mimi transp univ,mototec ,,,1,10000,,
par direccional ,GS GN 125blanco,mototec ,,,3,56000,,
par direccional ,storm125 humo cb125,mototec,,,3,84000,,
par direccional ,pulsar NS 200,mototec ,,,5,140000,,
par direccional ,boxer amarillo ,motetec ,,,2,56000,,
par direccional ,Wave amarillo ,mototec ,,,1,28000,,
direccional ,pulsar NS 150.160 trans,motetec ,,,1,14000,,
bujía pata corta g,moto 2T FR80 V80 DT,AKITA,,,8,15000,,
bujia pata corta p,eco boxer AKT 110,AKITA,,,5,15000,,
bujía pata larga p,pulsar NS 200,AKITA,,,10,15000,,
bujía pata larga g,AKT 125 NKD,NGK,,,2,16000,,
bujía pata larga p,pulsar 135 180 GN GS,kontrol,,,8,15000,,
dados del automático ,Bwis juego ,morocicle parts,,,1,25000,,
bomba freno delantero ,universal completo AKT,mototec ,,,9,45000,,
bomba freno delan,pulsar 135 180 200,mototec ,,,2,45000,,
bomba freno delan,AKT110 SG110,mototec ,,,1,45000,,
bomba tracero ,universal,MOTOS AU,,,7,42000,,
bomba tracero ,PULSAR NS 200,mototec ,,,1,42000,,
par espejo,GN125,mototec ,,,1,22000,,
par espejo,CB 190,mototec ,,,6,22000,,
par espejo ,agility,mototec ,,,4,22000,,
par espejo ,BOXER CT100 redondo,motetec ,,,2,24000,,
par espejo ,BEST 125,mototec ,,,5,22000,,
par espejo ,FZ 16,mototec,,,5,22000,,
par espejo ,AKT EVO NKD,SPARTAN,,,4,22000,,
par espejo ,pulsar 180,TWIN,,,12,24000,,
kit radios,164 mm 36 unid,MUMBAI,,,10,20000,,
kit radios ,168 mm,MUMBAI ,,,6,20000,,
kit radios,180mm,TWIN,,,5,20000,,
kit radios,172mm,TWIN,,,3,20000,,
Guayas completo,acelerador RTX,MOTOSAU,,,7,15000,,
Guayas completo,acelerador 125R,motosau,,,6,14000,,
Guayas completo ,acelerador 250TT,motosau,,,10,14000,,
Guayas completo ,acelerador 125W,MOTOSAU ,,,6,14000,,
Guayas completo ,acelerador discover125,MOTOSAU ,,,6,14000,,
Guayas completo ,acelerador XCD ,MOTOSAU ,,,9,14000,,
Guayas completo , acelerador XM180 200,MOTOSAU ,,,6,14000,,
Guayas completo ,acelerador apache,MOTOSAU ,,,9,15000,,
Guayas completo ,acelerador AKT 110,EVERTT,,,1,13000,,
Guayas completo ,acelerador RP150,MOTOSAU ,,,6,14000,,
Guayas completo ,velocímetro biz c100,EVERESTT ,,,3,13000,,
Guayas completo ,velocímetro TS125,EVERESTT ,,,1,14000,,
Guayas completo ,tacómetro TS125 CN CR,EVERESTT ,,,1,14000,,
Guayas completo ,acelerador AKT 125 Evo ,yahasuka ,,,3,12000,,
Guayas completo , acelerador criptón 115,EVERESTT ,,,3,12000,,
Guayas completo ,acelerador discover 125,yahasuka ,,,2,12000,,
Guayas completo ,acelerador pulsar NS200,MOTOSAU ,,,9,15000,,
Guayas completo ,acelerador pulsar NS200,KTO PARTES,,,2,13000,,
Guayas completo ,acelerador pulsar NS200,yahasuka ,,,2,14000,,
Guayas completo ,acelerador BWIS 100 2T,EVERESTT ,,,4,15000,,
Guayas completo ,acelerador CBF125,EVERESTT ,,,1,13000,,
Guayas completo ,acelerador BOXER CT100,EVERESTT ,,,3,13000,,
Guayas completo ,acelerador GN125,EVERESTT ,,,1,12000,,
Guayas completo ,acelerador pulsar 220,MOTOSAU ,,,5,14000,,
Guayas completo ,acelerador TT125,EVERESTT ,,,3,15000,,
Guayas completo ,acelerador libero125,yahasuka ,,,1,13000,,
Guayas completo ,acelerador C90,EVERESTT ,,,2,14000,,
Guayas completo ,clutch CB110,MOTOTEC ,,,1,13000,,
Guayas completo ,clutch pulsar 180,yahasuka,,,2,14000,,
Guayas completo ,clutch FZ16,MOTOTEC ,,,2,14000,,
Guayas completo ,"clutch AX,100",YAHASUKA ,,,4,12000,,
Guayas completo ,clutch DT125,EVERESTT ,,,4,14000,,
Guayas completo ,clutch discover 125,MOTOSAU ,,,14,14000,,
Guayas completo ,clutch BOXER100,motosau ,,,8,14000,,
Guayas completo ,clutch BOXER100,EVERESTT ,,,2,12000,,
Guayas completo ,clutch pulsar135,MOTOSAU,,,7,13000,,
Guayas completo ,clutch pulsar 180 mod viejo,MOTOSAU ,,,5,14000,,
Guayas completo ,clutch pulsar180UG,MOTOSAU ,,,1,12000,,
Guayas completo ,clutch RX115, EVOL,,,1,12000,,
Guayas completo ,clutch discover 150,MOTOSAU ,,,8,14000,,
Guayas completo ,discover 135sport,MOTOSAU ,,,5,14000,,
Guayas completo ,freno bóxer BM100,mototec ,,,3,13000,,
Guayas completo ,freno AX100,mototec ,,,3,13000,,
Guayas completo ,velocíme ECO TVS 100,mototec ,,,3,12000,,
Guayas completo ,acelerador SZR125,mototec ,,,4,14000,,
Guayas completo ,acelerador CB110,mototec ,,,3,13000,,
neumático ,2.75/3.00-18,COMSTAR,,,5,20000,,
neumático ,2.75/3.00-18,MOTOTEC ,,,2,20000,,
neumático ,3.50/4.10-17,COMSTAR ,,,6,22000,,
neumático ,3.50/4.10-17,mototec ,,,6,22000,,
neumático ,3.50/4.10-18,COMSTAR ,,,10,22000,,
neumático ,3.50/4.10-18,MOTOTEC ,,,7,22000,,
neumático ,410  -18,twin,,,4,22000,,
kit válvula,AKT 125SLR NKDDR,AKITA,,,5,38000,,
kit válvula ,CB110,CROWN ,,,2,35000,,
kit válvula ,AK.RTX RTXS RP,AKT ORIGINAL ,,,3,85000,,
kit válvula ,AK180CR5TTR180,AKT ORIGINAL ,,,5,80000,,
kit valvula,AK110S RP,AKT ORIGINAL ,,,4,55000,,
kit valvula ,admi esca CBF150,CROWN ,,,1,35000,,
kit válvula ,admi escape NXR BROS,CROWN ,,,2,35000,,
kit válvula ,admi escape vivax115,CROWN ,,,2,35000,,
kit válvula ,admi escape DR150,CROWN ,,,2,39000,,
kit válvula ,admi escape tvs100,CROWN ,,,2,37000,,
kit valvula ,admi escape dicover100,CROWN ,,,2,35000,,
kit valvula flex,admi escape AKT125W,CROWN ,,,2,35000,,
kit valvula ,admi escape AX4,CROWN ,,,1,37000,,
kit válvula ,admi escap BOXER,CROWN ,,,1,29000,,
kit valvula ,admi escape pulsar135,CROWN ,,,2,30000,,
kit valvula ,admi escape AKT200,CROWN ,,,1,35000,,
kit valvula ,admi escape AKT150,CROWN ,,,1,30000,,
cole pato,universal decorado,motoplastic ,,,9,9000,,
cole pato,universal negros ,motoplastic ,,,6,6000,,
cole pato,universal colores,motoplastic ,,,3,8000,,
manigueta izquierdo ,clutch pulsar 135,mototec ,,,7,13000,,
manigueta derecho ,freno pulsar 135,mototec ,,,3,13000,,
manigueta derecho ,pulsar 200,mototec ,,,15,13000,,
manigueta izquierdo ,clutch GN GS 125,mototec ,,,9,13000,,
manigueta derecho ,freno  GN GS 125,MOTOTEC ,,,10,13000,,
manigueta izquierdo ,clutch CB110,MOTOTEC ,,,9,13000,,
manigueta derecho ,freno CB125,mototec ,,,10,13000,,
manigueta derecho ,freno vivac df 115,mototec ,,,10,13000,,
manigueta izquierdo ,clutch AKT125,mototec ,,,8,13000,,
manigueta derecho ,freno XR150,mototec ,,,10,13000,,
manigueta izquierdo ,clutch DTK125 175,mototec ,,,9,13000,,
manigueta derecho ,freno BOXER PLATINO,indust bithoga,,,3,13000,,
manigueta derecho ,freno criptón ,motocycle ,,,6,13000,,
manigueta derecho ,freno ECODELUXE,mototec ,,,10,13000,,
manigueta izquierdo ,clutch  RX 115 DT,mototec ,,,4,13000,,
manigueta derecho ,freno RX115 DT125,DKM PARTS,,,4,13000,,
juegos de cunas,dirección NS,,,,2,22000,,
juego de cunas,dirección hero honda,,,,2,22000,,
juego de cunas,dirección XTZ 125,crown ,,,2,32000,,
juego de cunas ,dirección GN 125,MOTOTEC ,,,3,22000,,
juego de cunas ,dirección dinamic AKT125,mototec ,,,3,30000,,
juego de cunas ,dirección CBF125,mototec ,,,3,25000,,
juego de cunas ,dirección AX4,mototec ,,,4,28000,,
juego de cunas ,dirección agility 125,mototec ,,,2,28000,,
juego de cunas ,dirección ecodeluxe,mototec ,,,3,30000,,
juego de cunas ,dirección BOXER CT100,MOTOTEC ,,,3,22000,,
juego de cunas, dirección AKT125 EVO NE,mototec ,,,2,22000,,
juego de cunas,dirección BWIS FZ16,motetec ,,,2,20000,,
juego de cunas ,dirección pulsar180,mototec ,,,4,30000,,
kit rijera,AX4,crown ,,,1,35000,,
kit tijera,AKT EVO 150,crown ,,,2,38000,,
kit tijera,XR150L,crown ,,,1,65000,,
Kit tijera,CB110,crown ,,,1,35000,,
kit tijera,DISCOVER 100,crown ,,,1,40000,,
kit biela ,ECO 100,crown ,,,5,70000,,
kit biela,DTK125/175,crown ,,,1,80000,,
kit biela ,YBR-XTZ-LIBERO 125,crown ,,,1,75000,,
kit biela,FZ16/F1,crown ,,,1,90000,,
kit biela,CB110,crown ,,,1,58000,,
kit biela,DISCOVER 125,crown ,,,1,78000,,
kit biela,RTR APACHE,crown ,,,1,90000,,
kit biela,CBF150,EVOL,,,2,60000,,
KIt biela,YBR 125,EVOL,,,1,60000,,
kit biela,BOXER ktec corta,EVOL,,,2,40000,,
porta fusibles ,universal ,,,,13,8000,,
gorroguardapolvo,b telesc DT125 175,exito,,,7,4000,,
patin tensor,cadena DT,,,,3,5000,,
farola  completa ,criptón 115,mototec ,,,1,60000,,
farola ,DTK125,mototec ,,,2,45000,,
farola ,GS125,mototec ,,,1,65000,,
farola ,GN125,mototec ,,,1,60000,,
farola ,RX115,mototec ,,,1,45000,,
farola ,libero125,mototec ,,,1,65000,,
farola ,AX100,mototec ,,,3,45000,,
comando,izq AKT 200,mototec ,,,1,45000,,
comando ,izq ecodeluxe ,mototec ,,,1,45000,,
comando ,izq YBR125,mototec ,,,2,45000,,
comando , DTKV125,mototec ,,,1,55000,,
comando ,izq XTZ 125,mototec ,,,1,50000,,
comando ,izq AGILITY 125,mototec ,,,1,45000,,
comando,izq NXR 125BROX,mototec ,,,1,50000,,
bace manigueta ,izq  CB110,crown ,,,2,14000,,
bace manigueta ,izq ECODELUXE ,crown ,,,4,14000,,
bace manigueta ,izq ECO SPLENDOR,crown ,,,4,14000,,
filtro de aceite ,pulsar200NS,crown ,,,5,12000,,
filtro de.aceite,GN 125,CDT,,,8,12000,,
filtro de aceite ,criptón 115,crown ,,,2,10000,,
filtro de aceite ,BOXER CT100 PULSAR 135,MOTOTEC ,,,11,12000,,
filtro de aceite ,XTZ 250 500 600,EVOL,,,12,10000,,
filtro de aceite ,DR200,EVOL,,,5,10000,,
filtro aceite ,NS200,crown ,,,3,12000,,
ROTOR FILTRO ,ACEITE NXR125BROS,crown ,,,2,39000,,
correa de trasmisión ,BWIS125,MOTOSAU,,,6,47000,,
correa de trasmisión ,CK125T-6,motosAU ,,,4,47000,,
correa de trasmisión ,scooters,V -BELT,,,2,72000,,
correa de trasmisión ,CK125T-6 ,kymko,,,2,72000,,
kit tijera,ECO DELUXE,crown ,,,2,40000,,
kit  tijera ,pulsar 135,crown ,,,3,35000,,
kit tijera,AK 150TX,crown ,,,2,40000,,
kit tijera ,APACHE,crown ,,,1,35000,,
kit tijera ,FZ16,crown ,,,1,70000,,
kit tijera ,YBR125,crown ,,,1,45000,,
kit tijera ,ECO100,crown ,,,1,40000,,
kit tijera ,CB110,crown ,,,1,35000,,
kit tijera ,AKT110,crown ,,,1,38000,,
llave paso gasolina , LIBERO YBR 125,mototec ,,,2,25000,,
llave paso gasolina ,AKT125/XLR/BROS,mototec ,,,2,20000,,
llave paso gasolina ,AGILITY 125,MOTOTEC ,,,1,20000,,
llave paso gasolina ,AX100,MOTOTEC ,,,2,25000,,
llave paso gasolina ,AKT110,mototec ,,,2,12000,,
llave paso gasolina ,SPLENDOR ,crown ,,,1,22000,,
llave paso gasolina ,AKT125,crown ,,,1,25000,,
llave paso gasolina ,CBF150,crown ,,,1,39000,,
llave paso gasolina ,AKT110,crown ,,,2,15000,,
campana tracera,BOXER CT100,mototec ,,,1,100000,,
CAMPANA DELANTERA,BOXER CT100,motetec ,,,1,90000,,
campana tracera ,cripton,mototec ,,,1,98000,,
campana delantera ,ECO100,motetec ,,,2,90000,,
campana delantera ,AKT125 SL,mototec ,,,1,80000,,
campana tracera ,AX100 FR80,mototec ,,,1,99000,,
campana tracera,RX115,motetec ,,,2,120000,,
campana tracera,AX4 ,mototec ,,,2,90000,,
campana tracera ,ct150 bm 150,MOTOTEC ,,,2,130000,,
campana delantera ,V80,,,,1,50000,,
campana delantera ,C70,,,,1,50000,,
campana delantera ,C90,,,,1,80000,,
centro de plato,embrague AKT EVO 125,crown ,,,2,70000,,
centro y plato,embrague AC4,crown ,,,2,60000,,
centro y plato,embrague LIBERO,crown ,,,3,65000,,
Automático clutch ,BWIS 125,motos de occidente ,,,1,150000,,
centro y plato o,prensa de clutch boxer,ct motoparts,,,1,60000,,
centro y plato bo,prensa clutch discover,motoparts ,,,1,50000,,
centro y plato o ,prensa clutch libero125,motoplastic ,,,1,77000,,
BENDIX COMPLETO,fz16,kmt,,,1,97000,,
BENDIX arranque , GN GS 125,NPC,,,1,90000,,
clutch automático ,wave110,crown ,,,1,85000,,
cadena428,AKT CR4 125,mototec ,,,5,40000,,
plato tracero H,40 T AKTCR4 125,mototec ,,,5,35000,,
piño delantero ,14TAKTCR4 125,mototec ,,,5,15000,,
cadena 428H,FZ16,mototec ,,,2,40000,,
plato tracero ,40T FZ16,mototec ,,,2,35000,,
piñon delantero ,14TFZ16,mototec ,,,2,15000,,
plato tracero,FZ16 2.0 freno disco,mototec ,,,2,40000,,
piñon delantero , FZ16 2.0 freno disco,mototec ,,,2,18000,,
cadena 4 28H,Best FD VIVAX,mototec ,,,2,40000,,
plato tracero ,Best FD VIVAX ,mototec ,,,2,35000,,
piñon delantero ,Best FD VIVAX ,mototec ,,,2,15000,,
plato tracero ,viva115 35T,mototec ,,,2,35000,,
piñon delantero ,VIVA115,mototec ,,,2,15000,,
cadena 428H,cripton115,MOTOTEC ,,,1,40000,,
plato tracero ,cripton115 41 t,MOTOTEC ,,,2,35000,,
piñon delantero ,cripton 15t,MOTOTEC ,,,2,15000,,
cadena428H,RX115,MOTOTEC ,,,2,40000,,
plato tracero ,RX115 38T,MOTOTEC ,,,2,35000,,
piñón delantero ,RX 115T,MOTOTEC ,,,2,15000,,
cadena 520H,MRX125,MOTOTEC ,,,1,60000,,
plato tracero ,MRX125,MOTOTEC ,,,1,40000,,
piñón delantero ,MRX13T,MOTOTEC ,,,1,18000,,
cadena 428T,criptón 110,MOTOTEC ,,,2,40000,,
plato tracero ,criptón 37T 110,MOTOTEC ,,,2,35000,,
piñón y delantero ,criptón 14T /110,MOTOTEC ,,,2,15000,,
plato tracero 44 T,libero125/110YBR,MOTOTEC ,,,1,35000,,
piñon delantero ,libero125/110YBR,MOTOTEC ,,,1,15000,,
plato tracero ,Akt 125 NE 41 T,motos AU,,,1,35000,,
plato tracero ,AKT CR5 40T,motos AU ,,,1,38000,,
plato tracero ,AKT 125 TTR 42T,MOTOSAU ,,,1,38000,,
plato tracero ,Akt 125 EVO 38T,MOTOSAU ,,,3,35000,,
cadena,420H,mototec ,,,3,30000,,
plato tracero ,DREAM 110 41 T,mototec ,,,2,35000,,
cadenas 428,DREAM110,mototec ,,,2,38000,,
piñon delantero ,DREAM110  14T,mototec ,,,2,15000,,
plato tracero KTM45T, DUKE 200 6 HUECOS,motetec ,,,1,38000,,
cadena 520,KTM 200,mototec ,,,1,50000,,
piñon delan 15T,KTM 200,mototec ,,,1,15000,,
plato tracero 45T,KTM200 4HUECOS,mototec ,,,1,35000,,
piñon delantero 15 T,KRMDUKE 200,mototec ,,,1,15000,,
cadena 428 H,TVS Apache 160RTR4V,mototec ,,,1,38000,,
piñon delantero 13T,tvsApache160RTR4V,mototec ,,,1,15000,,
plato tracero 42T,SZR150,motetec ,,,2,35000,,
cadena428H,SZR150,mototec ,,,2,40000,,
piñon delantero 14T,SZR150,mototec ,,,2,15000,,
plato tracero 50T,XTZ125,mototec ,,,2,35000,,
cadena 428H,XTZ125,mototec ,,,2,40000,,
piñón delantero 14T,XTZ125,mototec ,,,2,40000,,
plato tracero 43T,CBF 125,mototec ,,,3,35000,,
piñon delantero ,14TCBF125,mototec ,,,3,15000,,
plato tracero 43T,CBF125,EVOL,,,1,35000,,
plato tracero 47T,DT125 4 huecos,MOTOSAU ,,,2,33000,,
piñón delantero 15T,DT125,MOTOSAU ,,,2,15000,,
plato tracero 35T,VIVA BES VIVA115 AX100,CHOHO,,,2,40000,,
cadena 428 H,VIVA 115 BEST AX100,CHOHO,,,2,50000,,
piñon delantero 14T,VIVA BES VIVAX115 AC100,CHOHO,,,2,18000,,
plato tracero 42T,DR150,CHOHO,,,1,45000,,
plato tracero 37 T,criptón 110,CHOHO,,,2,38000,,
piñon delantero 14T,criptón 110,CHOHO,,,2,18000,,
cadena428H,criptón 110,CHOHO,,,2,50000,,
plato tracero 47T,KLX150,CHOHO,,,2,55000,,
piñón delantero 14T,KLX150,CHOHO,,,2,18000,,
plato tracero 54T,HONDA NXRBROS125,CHOHO,,,2,65000,,
piñon delantero 17T,HONDA NXR125BROS,CHOHO,,,1,18000,,
plató  tracero 33T,AKT 125,CHOHO,,,1,40000,,
plato tracero 40T,AKT TTR 180/200,CHOHO,,,1,45000,,
plato tracero 46T,PULSA NS200,CHOHO,,,2,40000,,
piñon delantero 15T,PULSAR NS200,CHOHO,,,1,18000,,
plato tracero 47 T,KLX 125,CHOHO,,,1,40000,,
plato tracero 44T,honda brox 125,EVOL,,,2,35000,,
plato tracero 39T,TS185ER,globasteel,,,4,35000,,
plato tracero 39T,ts185,EVOL,,,4,35000,,
plato tracero 39T,ts 185,NK,,,1,35000,,
plato tracero 39T,pulsar NS200,AKITA,,,1,35000,,
Stop completo ,BOXER CT100,mototec ,,,1,35000,,
stop completo ,BOXER BM100,mototec ,,,2,32000,,
stop completo ,FZ16 DTK,mototec ,,,1,30000,,
pedal cambio,AKT CARGUERO ,AKT,,,1,74000,,
bomba aceite ,pulsar 200NS Original ,parts y accesorios ,,,2,70000,,
bomba aceite ,CB110,parts y accesorios ,,,1,90000,,
bomba aceite ,CBF150,parts y accesorios ,,,1,110000,,
bomba aceite ,Eco,parts y accesorios ,,,1,90000,,
bomba aceite ,AKT 125carguero,AKT ,,,1,78000,,
pedal freno,CB110,parts y accesorios ,,,1,38000,,
pedal freno ,CBZ,YKMT,,,2,25000,,
tornillos  culatin,pulsar 1/4,procolpartes,,,4,12000,,
tornillos culatin ,honda 6 mm,procolpartes ,,,4,10000,,
tornillos culatin,honda1/4,procolpartes ,,,2,12000,,
tornillos culatin ,pulsar6mm,procolpartes ,,,3,10000,,
tuerca eje clutch ,pulsar 135,procolpartes ,,,1,8000,,
tuerca piñón ,klt arrastre GN,procolpartes ,,,3,10000,,
balancín admisión escap,BOXER,crown ,,,1,60000,,
balancín admisión escap,AKT NKD EVO 125,BOST,,,5,55000,,
balancín admisión esc,WIND 125,crown ,,,2,60000,,
balancín superior,AKT125,crown ,,,1,60000,,
balancín admisión esc,BWS125,crown ,,,1,70000,,
balancín admisión esc,AGILITY 125,crown ,,,1,60000,,
balancín motor ,discover 100,Sp,,,1,60000,,